[
  {
    "default": 1, 
    "name": {
      "pl": "Czarny",
      "en": "Black"
    },
    "price": {
      "pl": 0,
      "en": 0
    },
    "promo": {
      "pl": "",
      "en": ""
    },
    "color": "#131516",
    "ral": "RAL 9005"
  },
  {
    "default": 0,
    "name": {
      "pl": "Granatowy",
      "en": "Navy"
    },
    "price": {
      "pl": 500,
      "en": 120
    },
    "promo": {
      "pl": "",
      "en": ""
    },
    "color": "#040b24",
    "ral": "RAL 5004"
  },
  {
    "default": 0,
    "name": {
      "pl": "Różowy",
      "en": "Pink"
    },
    "price": {
      "pl": 500,
      "en": 120
    },
    "promo": {
      "pl": "",
      "en": ""
    },
    "color": "#fe019a",
    "ral": "RAL 5004"
  }
]