{
  "panel": [
    {
      "active": 1,
      "title": {
        "pl": "Panel",
        "en": "Panel"
      },
      "help": {
        "pl": "Górny frontowy panel",
        "en": "Top front panel"
      },
      "icon": "flag.svg",
      "default_colors": 0,
      "specific_colors": ["#FFFFFF"],
      "start_color": "#FF0000",
      "align": {
        "left": {
          "name": {
            "pl": "Do lewej",
            "en": "Align left"
          },
          "svg": "left.svg",
          "anchor": "start",
          "x": 23,
          "y": 7.5,
          "transform": "rotate(0) scale(1)"
        },
        "center": {
          "name": {
            "pl": "Wyśrodkuj",
            "en": "Center"
          },
          "svg": "center.svg",
          "anchor": "middle",
          "x": 48.5,
          "y": 7.65,
          "transform": "rotate(0) scale(1)"
        },
        "right": {
          "name": {
            "pl": "Do prawej",
            "en": "Align right"
          },
          "svg": "right.svg",
          "anchor": "end",
          "x": 72.5,
          "y": 7.85,
          "transform": "rotate(0) scale(1)"
        },
        "grawer": {
          "name": {
            "pl": "Do prawej",
            "en": "Align right"
          },
          "svg": "right.svg",
          "anchor": "end",
          "x": 40.5,
          "y": 7.6,
          "transform": "rotate(0) scale(1)"
        }
      }
    }
  ]
}
