{
  "panel": [
    {
      "active": 1,
      "title": {
        "pl": "Panel",
        "en": "Panel"
      },
      "help": {
        "pl": "Górny frontowy panel",
        "en": "Top front panel"
      },
      "icon": "grawer.svg",
      "default_colors": 0,
      "specific_colors": ["#333333"],
      "start_color": "#333333",
      "align": {
        "left": {
          "name": {
            "pl": "Do lewej",
            "en": "Align left"
          },
          "svg": "left.svg",
          "x": 22.8,
          "y": 6.8,
          "width": 20,
          "height": 3.5,
          "fill": "#CCCCCC",
          "transform": "rotate(0.25) scale(1)",
          "text": {
              "x": 24,
              "y": 17.25,
              "anchor": "start",
              "transform": "rotate(0.5 10 10) scale(1, 0.5)"
          }
        }
      }
    }
  ]
}
