{
  "toppanel": [
    {
      "title": {
        "pl": "Panel",
        "en": "Panel"
      },
      "help": {
        "pl": "Górny frontowy panel",
        "en": "Top front panel"
      },
      "icon": "toppanel.svg", 
      "align": {
        "left": {
          "name": {
            "pl": "Do lewej",
            "en": "Align left"
          },
          "svg": "left.svg",
          "anchor": "start",
          "x": 23,
          "y": 18,
          "transform": "rotate(0.5 10 10) scale(1, 0.5)"
        },
        "center": {
          "name": {
            "pl": "Wyśrodkuj",
            "en": "Center"
          },
          "svg": "center.svg",
          "anchor": "middle",
          "x": 52,
          "y": 18,
          "transform": "rotate(0.5 10 10) scale(1, 0.5)"
        },
        "right": {
          "name": {
            "pl": "Do prawej",
            "en": "Align right"
          },
          "svg": "right.svg",
          "anchor": "end",
          "x": 76,
          "y": 18,
          "transform": "rotate(0.5 10 10) scale(1, 0.5)"
        }
      }
    }
  ],
  "door": [
    {
      "title": {
        "pl": "Drzwi",
        "en": "Door"
      },
      "help": {
        "pl": "Przód paki elektrycznej",
        "en": "Front of electric tack"
      },
      "icon": "door.svg", 
      "align": {
        "top": {
          "name": {
            "pl": "Do góry",
            "en": "Align top"
          },
          "svg": "top.svg",
          "anchor": "middle",
          "x": 52,
          "y": 95,
          "transform": "rotate(-0.8 10 10) scale(1, 0.5)"
        },
        "middle": {
          "name": {
            "pl": "Wyśrodkuj",
            "en": "Center"
          },
          "svg": "middle.svg",
          "anchor": "middle",
          "x": 52,
          "y": 145,
          "transform": "rotate(-0.8 10 10) scale(1, 0.5)"
        },
        "bottom": {
          "name": {
            "pl": "Do dołu",
            "en": "Align bottom"
          },
          "svg": "bottom.svg",
          "anchor": "middle",
          "x": 52,
          "y": 210,
          "transform": "rotate(-0.25 10 10) scale(1, 0.5)"
        }
      }
    }
  ]
}
