{
  "colors": {
    "category": {
      "pl": "Kolor",
      "en": "Color"
    },
    "items": [
      {
        "active": 1,
        "default": 1,
        "name": {
          "pl": "Czarny",
          "en": "Black"
        },
        "price": {
          "pl": 0,
          "en": 0
        },
        "promo": {
          "pl": "",
          "en": ""
        },
        "color": "#131516",
        "ral": "RAL 9005"
      },
      {
        "active": 1,
        "default": 0,
        "name": {
          "pl": "Bordo",
          "en": "Wine red"
        },
        "price": {
          "pl": 500,
          "en": 120
        },
        "promo": {
          "pl": "",
          "en": ""
        },
        "color": "#59191F",
        "ral": "RAL 3005"
      },
      {
        "active": 1,
        "default": 0,
        "name": {
          "pl": "Granat",
          "en": "Cobalt blue"
        },
        "price": {
          "pl": 500,
          "en": 120
        },
        "promo": {
          "pl": "",
          "en": ""
        },
        "color": "#193153",
        "ral": "RAL 5013"
      },
      {
        "active": 1,
        "default": 0,
        "name": {
          "pl": "Złoty",
          "en": "Pearl gold"
        },
        "price": {
          "pl": 500,
          "en": 120
        },
        "promo": {
          "pl": "",
          "en": ""
        },
        "color": "#80643F",
        "ral": "RAL 1036"
      }
    ]
  },
  "brocate": {
    "category": {
      "pl": "Kolor z brokatem",
      "en": "Color with glitter"
    },
    "items": [
      {
        "active": 1,
        "default": 0,
        "name": {
          "pl": "Czarny z brokatem",
          "en": "Glitter Black"
        },
        "price": {
          "pl": 500,
          "en": 120
        },
        "promo": {
          "pl": "",
          "en": ""
        },
        "color": "#131516",
        "ral": "RAL 9005"
      },
      {
        "active": 1,
        "default": 0,
        "name": {
          "pl": "Różowy z brokatem",
          "en": "Glitter Pink"
        },
        "price": {
          "pl": 500,
          "en": 120
        },
        "promo": {
          "pl": "",
          "en": ""
        },
        "color": "#925387",
        "ral": "RAL 520-M"
      }
    ]
  }
}
