{
  "colors": {
    "category": {
      "pl": "Kolory podstawowe",
      "en": "Primary colors"
    },
    "items": [
      {
        "active": 1,
        "default": 1,
        "name": {
          "pl": "Czarny",
          "en": "Black"
        },
        "price": {
          "pl": 0,
          "en": 0
        },
        "promo": {
          "pl": "",
          "en": ""
        },
        "color": "#1c1c1e",
        "ral": "RAL 9005",
        "filter": "mix-blend-mode: color"
      },
      {
        "active": 0,
        "default": 0,
        "name": {
          "pl": "Bordo",
          "en": "Wine red"
        },
        "price": {
          "pl": 500,
          "en": 120
        },
        "promo": {
          "pl": "",
          "en": ""
        },
        "color": "#380505",
        "ral": "RAL 3005",
        "filter": "mix-blend-mode: color"
      },
      {
        "active": 1,
        "default": 0,
        "name": {
          "pl": "Granat",
          "en": "Cobalt blue"
        },
        "price": {
          "pl": 500,
          "en": 120
        },
        "promo": {
          "pl": "",
          "en": ""
        },
        "color": "#0e2767",
        "ral": "RAL 5013",
        "filter": "mix-blend-mode: exclusion;opacity: .85;"
      },
      {
        "active": 1,
        "default": 0,
        "name": {
          "pl": "Stalowy",
          "en": "Steel grey"
        },
        "price": {
          "pl": 500,
          "en": 120
        },
        "promo": {
          "pl": "",
          "en": ""
        },
        "color": "#cccccc",
        "ral": "RAL 9006",
        "filter": "mix-blend-mode: color-dodge;opacity: .9"
      },
      {
        "active": 0,
        "default": 0,
        "name": {
          "pl": "Srebrny",
          "en": "Silver Metallic"
        },
        "price": {
          "pl": 500,
          "en": 120
        },
        "promo": {
          "pl": "",
          "en": ""
        },
        "color": "#b1aeae",
        "ral": "RAL 9006",
        "filter": "mix-blend-mode: color"
      },
      {
        "active": 1,
        "default": 0,
        "name": {
          "pl": "Złoty",
          "en": "Pearl gold"
        },
        "price": {
          "pl": 500,
          "en": 120
        },
        "promo": {
          "pl": "",
          "en": ""
        },
        "color": "#bc9544",
        "ral": "RAL 1036",
        "filter": "mix-blend-mode: plus-lighter; opacity: .65"
      }
    ]
  },
  "brocate": {
    "category": {
      "pl": "Kolory z brokatem",
      "en": "Glitter colors"
    },
    "items": [
      {
        "active": 0,
        "default": 0,
        "name": {
          "pl": "Czarny z brokatem",
          "en": "Glitter Black"
        },
        "price": {
          "pl": 500,
          "en": 120
        },
        "promo": {
          "pl": "",
          "en": ""
        },
        "color": "#131516",
        "ral": "RAL 9005",
        "filter": "mix-blend-mode: color"
      },
      {
        "active": 1,
        "default": 0,
        "name": {
          "pl": "Różowy z brokatem",
          "en": "Glitter Pink"
        },
        "price": {
          "pl": 500,
          "en": 120
        },
        "promo": {
          "pl": "",
          "en": ""
        },
        "color": "#ae599f",
        "ral": "RAL 520-M",
        "filter": "mix-blend-mode: plus-lighter; opacity: .8"
      }
    ]
  }
}
