{
  "colors": {
    "category": {
      "pl": "Kolory podstawowe",
      "en": "Primary colors",
      "lv": "Pamatkrāsas"
    },
    "items": [
      {
        "active": 1,
        "default": 1,
        "name": {
          "pl": "Czarny",
          "en": "Black",
          "lv": "Melna"
        },
        "price": {
          "pl": 0,
          "en": 0,
          "lv": -1
        },
        "promo": {
          "pl": "",
          "en": "",
          "lv": ""
        },
        "color": "#1c1c1e",
        "ral": "RAL 9005",
        "filter": "mix-blend-mode: color",
        "logo": "#FFFFFF"
      },
      {
        "active": 0,
        "default": 0,
        "name": {
          "pl": "Bordo",
          "en": "Wine red",
          "lv": "Burgundijas krāsa"
        },
        "price": {
          "pl": 500,
          "en": 120,
          "lv": -1
        },
        "promo": {
          "pl": "",
          "en": "",
          "lv": ""
        },
        "color": "#380505",
        "ral": "RAL 3005",
        "filter": "mix-blend-mode: color",
        "logo": "#FFFFFF"
      },
      {
        "active": 1,
        "default": 0,
        "name": {
          "pl": "Granatowy",
          "en": "Cobalt blue",
          "lv": "Kobalta zila"
        },
        "price": {
          "pl": 500,
          "en": 120,
          "lv": -1
        },
        "promo": {
          "pl": "",
          "en": "",
          "lv": ""
        },
        "color": "#0e2767",
        "ral": "RAL 5013",
        "filter": "mix-blend-mode: exclusion;opacity: .85;",
        "logo": "#FFFFFF"
      },
      {
        "active": 1,
        "default": 0,
        "name": {
          "pl": "Stalowy",
          "en": "Steel grey",
          "lv": "Metāla krāsa"
        },
        "price": {
          "pl": 500,
          "en": 120,
          "lv": -1
        },
        "promo": {
          "pl": "",
          "en": "",
          "lv": ""
        },
        "color": "#cccccc",
        "ral": "RAL 9006",
        "filter": "mix-blend-mode: color-dodge;opacity: .9",
        "logo": "#000000F"
      },
      {
        "active": 0,
        "default": 0,
        "name": {
          "pl": "Srebrny",
          "en": "Silver Metallic",
          "lv": "Sudraba metāls"
        },
        "price": {
          "pl": 500,
          "en": 120,
          "lv": -1
        },
        "promo": {
          "pl": "",
          "en": "",
          "lv": ""
        },
        "color": "#b1aeae",
        "ral": "RAL 9006",
        "filter": "mix-blend-mode: color",
        "logo": "#000000"
      },
      {
        "active": 1,
        "default": 0,
        "name": {
          "pl": "Złoty",
          "en": "Pearl gold",
          "lv": "Zeltaina krāsa"
        },
        "price": {
          "pl": 500,
          "en": 120,
          "lv": -1
        },
        "promo": {
          "pl": "",
          "en": "",
          "lv": ""
        },
        "color": "#bc9544",
        "ral": "RAL 1036",
        "filter": "mix-blend-mode: plus-lighter; opacity: .75; filter: saturate(1);",
        "logo": "#000000"
      }
    ]
  },
  "brocate": {
    "category": {
      "pl": "Kolory z brokatem",
      "en": "Glitter colors",
      "lv": "Glitter krāsas"
    },
    "items": [
      {
        "active": 0,
        "default": 0,
        "name": {
          "pl": "Czarny z brokatem",
          "en": "Glitter Black",
          "lv": "Glitter melna krāsa"
        },
        "price": {
          "pl": 500,
          "en": 120,
          "lv": -1
        },
        "promo": {
          "pl": "",
          "en": "",
          "lv": ""
        },
        "color": "#131516",
        "ral": "RAL 9005",
        "filter": "mix-blend-mode: color",
        "logo": "#FFFFFF"
      },
      {
        "active": 1,
        "default": 0,
        "name": {
          "pl": "Różowy z brokatem",
          "en": "Glitter Pink",
          "lv": "Glitter rozā krāsa"
        },
        "price": {
          "pl": 500,
          "en": 120,
          "lv": -1
        },
        "promo": {
          "pl": "",
          "en": "",
          "lv": ""
        },
        "color": "#ae599f",
        "ral": "RAL 520-M",
        "filter": "mix-blend-mode: plus-lighter; opacity: .8",
        "logo": "#FFFFFF"
      }
    ]
  }
}
