[
  {
    "name": {
      "pl": "Pobierz wersję HTML",
      "en": "Download HTML file"
    },
    "version": "HTML",
    "link": "html",
    "svg": "download.svg"
  },
  {
    "name": {
      "pl": "Pobierz wersję PDF",
      "en": "Download PDF file"
    },
    "version": "PDF",
    "link": "pdf",
    "svg": "download.svg"
    
  },
  {
    "name": {
      "pl": "Pobierz obraz JPEG",
      "en": "Download JPEG file"
    },
    "version": "JPEG/JPG",
    "link": "image",
    "svg": "download.svg"
  }
]