{
  "panel": [
    {
      "left": {
        "name": {
          "pl": "Wyrównaj do lewej",
          "en": "Align left"
        },
        "svg": "left.svg",
        "anchor": "start",
        "x": 23,
        "y": 18,
        "transform": "rotate(0.5 10 10) scale(1, 0.5)"
      },
      "center": {
        "name": {
          "pl": "Wyśrodkuj",
          "en": "Center"
        },
        "svg": "center.svg",
        "anchor": "middle",
        "x": 52,
        "y": 18,
        "transform": "rotate(0.5 10 10) scale(1, 0.5)"
      },
      "right": {
        "name": {
          "pl": "Wyrównaj do prawej",
          "en": "Align right"
        },
        "svg": "right.svg",
        "anchor": "end",
        "x": 76,
        "y": 18,
        "transform": "rotate(0.5 10 10) scale(1, 0.5)"
      }
    }
  ],
  "door": [
    {
      "top": {
        "name": {
          "pl": "Wyrównaj do lewej",
          "en": "Align left"
        },
        "svg": "top.svg",
        "anchor": "start",
        "x": 23,
        "y": 18,
        "transform": "rotate(0.5 10 10) scale(1, 0.5)"
      },
      "middle": {
        "name": {
          "pl": "Wyśrodkuj",
          "en": "Center"
        },
        "svg": "center.svg",
        "anchor": "middle",
        "x": 52,
        "y": 18,
        "transform": "rotate(0.5 10 10) scale(1, 0.5)"
      },
      "bottom": {
        "name": {
          "pl": "Wyrównaj do prawej",
          "en": "Align right"
        },
        "svg": "right.svg",
        "anchor": "end",
        "x": 76,
        "y": 18,
        "transform": "rotate(0.5 10 10) scale(1, 0.5)"
      }
    }
  ]
}
