{
  "grawer": [
    {
      "active": 1,
      "title": {
        "pl": "Grawer",
        "en": "Engraving"
      },
      "help": {
        "pl": "Górny frontowy panel",
        "en": "Top front panel"
      },
      "icon": "grawer.svg",
      "default_colors": 0,
      "specific_colors": ["#333333", "#555555", "#777777"],
      "start_color": "#333333",
      "align": {
        "left": {
          "name": {
            "pl": "Do lewej",
            "en": "Align left"
          },
          "svg": "left.svg",
          "anchor": "start",
          "x": 28.25,
          "y": 17.25,
          "transform": "rotate(0.5 10 10) scale(1, 0.5)"
        }
      }
    }
  ],
  "toppanel": [
    {
      "active": 1,
      "title": {
        "pl": "Panel",
        "en": "Panel"
      },
      "help": {
        "pl": "Górny frontowy panel",
        "en": "Top front panel"
      },
      "icon": "toppanel.svg",
      "default_colors": 1,
      "specific_colors": [],
      "start_color": "#FFFFFF",
      "align": {
        "left": {
          "name": {
            "pl": "Do lewej",
            "en": "Align left"
          },
          "svg": "left.svg",
          "anchor": "start",
          "x": 23,
          "y": 18,
          "transform": "rotate(0.5 10 10) scale(1, 0.5)"
        },
        "center": {
          "name": {
            "pl": "Wyśrodkuj",
            "en": "Center"
          },
          "svg": "center.svg",
          "anchor": "middle",
          "x": 52,
          "y": 18,
          "transform": "rotate(0.5 10 10) scale(1, 0.5)"
        },
        "right": {
          "name": {
            "pl": "Do prawej",
            "en": "Align right"
          },
          "svg": "right.svg",
          "anchor": "end",
          "x": 76,
          "y": 18,
          "transform": "rotate(0.5 10 10) scale(1, 0.5)"
        }
      }
    }
  ],
  "door": [
    {
      "active": 1,
      "title": {
        "pl": "Drzwi",
        "en": "Door"
      },
      "help": {
        "pl": "Przód paki elektrycznej",
        "en": "Front of electric tack"
      },
      "icon": "door.svg",
      "default_colors": 1,
      "specific_colors": [],
      "start_color": "#FFFFFF",
      "align": {
        "top": {
          "name": {
            "pl": "Góra",
            "en": "Align top"
          },
          "svg": "top.svg",
          "anchor": "middle",
          "x": 52,
          "y": 95,
          "transform": "rotate(-0.8 10 10) scale(1, 0.5)"
        },
        "middle": {
          "name": {
            "pl": "Środek",
            "en": "Center"
          },
          "svg": "middle.svg",
          "anchor": "middle",
          "x": 52,
          "y": 145,
          "transform": "rotate(-0.8 10 10) scale(1, 0.5)"
        },
        "bottom": {
          "name": {
            "pl": "Dół",
            "en": "Align bottom"
          },
          "svg": "bottom.svg",
          "anchor": "middle",
          "x": 52,
          "y": 210,
          "transform": "rotate(-0.25 10 10) scale(1, 0.5)"
        }
      }
    }
  ],
  "side": [
    {
      "active": 1,
      "title": {
        "pl": "Bok",
        "en": "Side"
      },
      "help": {
        "pl": "Bok paki elektrycznej",
        "en": "Side of electric tack"
      },
      "icon": "side.svg",
      "default_colors": 1,
      "specific_colors": [],
      "start_color": "#FFFFFF",
      "align": {
        "top": {
          "name": {
            "pl": "Góra",
            "en": "Align top"
          },
          "svg": "top.svg",
          "anchor": "middle",
          "x": 8,
          "y": 27,
          "transform": "rotate(1 10 10) scale(1, 0.5)"
        },
        "middle": {
          "name": {
            "pl": "Środek",
            "en": "Center"
          },
          "svg": "middle.svg",
          "anchor": "middle",
          "x": 8,
          "y": 140,
          "transform": "rotate(1.5 10 10) scale(1, 0.5)"
        },
        "bottom": {
          "name": {
            "pl": "Dół",
            "en": "Align bottom"
          },
          "svg": "bottom.svg",
          "anchor": "middle",
          "x": 8,
          "y": 215,
          "transform": "rotate(2.25 10 10) scale(1, 0.5)"
        }
      }
    }
  ]
}
