{
  "flagTopPanel": [
    {
      "active": 1,
      "title": {
        "pl": "Panel",
        "en": "Panel"
      },
      "help": {
        "pl": "Górny frontowy panel",
        "en": "Top front panel"
      },
      "icon": "flag.svg",
      "default_colors": 0,
      "specific_colors": ["#FFFFFF"],
      "start_color": "#5a5b5c",
      "align": {
        "left": {
          "active": 1,
          "name": {
            "pl": "Do lewej",
            "en": "Align left"
          },
          "svg": "left.svg",
          "anchor": "start",
          "x": 110,
          "y": 44,
          "width": 30,
          "height": 20,
          "transform": "skewX(8) scale(1, 0.8) rotate(5)"
        },
        "center": {
          "active": 1,
          "name": {
            "pl": "Wyśrodkuj",
            "en": "Center"
          },
          "svg": "center.svg",
          "anchor": "middle",
          "x": 225,
          "y": 46,
          "width": 29.5,
          "height": 19.5,
          "transform": "skewX(7) scale(1, 0.8) rotate(5)"
        },
        "right": {
          "active": 1,
          "name": {
            "pl": "Do prawej",
            "en": "Align right"
          },
          "svg": "right.svg",
          "anchor": "end",
          "x": 348,
          "y": 47,
          "width": 28,
          "height": 18.5,
          "transform": "skewX(7) scale(1, 0.8) rotate(5)"
        },
        "grawer": {
          "active": 1,
          "name": {
            "pl": "Do prawej",
            "en": "Align right"
          },
          "svg": "right.svg",
          "anchor": "end",
          "x": 36.65,
          "y": 7.6,
          "transform": "rotate(0) scale(1)"
        }
      }
    }
  ]
}
