{
    "PL": {
        "domain": "cerkamed.pl",
        "name": "Polski",
        "flag": "pl.svg",
        "slug": {
            "home": "/",
            "about": "/o-firmie/",
            "catalog": "/katalog-produktow/",
            "distributors": "/dystrybutorzy/",
            "terms": "/warunki-wspolpracy/",
            "job": "/praca/",
            "contact": "/kontakt/",
            "privacy": "/polityka-prywatnosci/",
            "faq": "/faq/",
            "page": "/strona/",
            "product": "/produkt/",
            "products": "/produkty/",
            "category": "/kategoria-produktu/",
            "calcium-hydroxide": "/produkt/wodorotlenek-wapnia/",
            "absorbent-paper-points": "/produkt/saczki-papierowe/"
        }
    },
    "EN": {
        "domain": "cerkamed.com",
        "name": "English",
        "flag": "en.svg",
        "slug": {
            "home": "/",
            "about": "/about-us/",
            "catalog": "/product-catalog/",
            "distributors": "/distributors/",
            "terms": "/terms-of-cooperation/",
            "job": "/jobs/",
            "contact": "/contact/",
            "privacy": "/privacy-policy/",
            "faq": "/faq/",
            "page": "/page/",
            "product": "/product/",
            "products": "/products/",
            "category": "/category-product/",
            "calcium-hydroxide": "/product/calcium-hydroxide/",
            "absorbent-paper-points": "/product/absorbent-paper-points/"
        }
    }
}
