[
  {
    "name": {
      "pl": "Wyrównaj do lewej",
      "en": "Align left"
    },
    "alignment": "left",
    "panel": "top",
    "svg": "top_left.svg"
  },
  {
    "name": {
      "pl": "Wyśrodkuj",
      "en": "Middle"
    },
    "alignment": "middle",
    "panel": "door",
    "svg": "middle.svg"
  },
  {
    "name": {
      "pl": "Wyrównaj do prawej",
      "en": "Align right"
    },
    "alignment": "right",
    "panel": "top",
    "svg": "top_right.svg"
  }
]