[
  {
    "name": {
      "pl": "Żólty",
      "en": "Yellow"
    },
    "color": "#E5C000",
    "ral": "RAL 1021"
  },
  {
    "name": {
      "pl": "Pomarańczowy",
      "en": "Orange"
    },
    "color": "#DC5B00",
    "ral": "RAL 2017"
  },
  {
    "name": {
      "pl": "Czerwony",
      "en": "Red"
    },
    "color": "#AB1519",
    "ral": "RAL 3020"
  },
  {
    "name": {
      "pl": "Fioletowy",
      "en": "Violet"
    },
    "color": "#852E6F",
    "ral": "RAL 4006"
  },
  {
    "name": {
      "pl": "Niebieski",
      "en": "Blue"
    },
    "color": "#193278",
    "ral": "RAL 5002"
  },
  {
    "name": {
      "pl": "Zielony",
      "en": "Green"
    },
    "color": "#20A339",
    "ral": "RAL 6038"
  },
  {
    "name": {
      "pl": "Szary",
      "en": "Grey"
    },
    "color": "#949292",
    "ral": "RAL 7036"
  },
  {
    "name": {
      "pl": "Czarny",
      "en": "Black"
    },
    "color": "#131516",
    "ral": "RAL 9005"
  },
  {
    "name": {
      "pl": "Biały",
      "en": "White"
    },
    "color": "#EFEEE5",
    "ral": "RAL 9010"
  }
]