[
    {
      "id": 1,
      "project": "[LOGO]",
      "draggable": "true",
      "badge": "TOP",
      "name": {
        "pl": "Wyśrodkowany obraz/logo",
        "en": "Centered image/logo"
      },
      "layout": "row",
      "flex-justify": "center",
      "flex-align": "center",
      "items": [
        {
          "type": "svg",
          "align": "center",
          "src": "img_icon_large.svg"
        }
      ]
    },
    {
      "id": 2,
      "project": "Row: [IMG] + TXT",
      "draggable": "true",
      "badge": "",
      "name": {
        "pl": "Orientacja poziomo: [Ilustracja] + Treść",
        "en": "Horizontal orientation: [Image] + Content"
      },
      "layout": "row",
      "flex-justify": "start",
      "flex-align": "center",
      "items": [
        {
          "type": "svg",
          "align": "left",
          "src": "img_icon_normal.svg"
        },
        {
          "type": "text",
          "content": "TEXT...",
          "width": 80
        }
      ]
    },
    {
      "id": 3,
      "project": "Row: [IMG]x2 + TXT",
      "draggable": "true",
      "badge": "",
      "name": {
        "pl": "Orientacja poziomo: [Ilustracja][Ilustracja] + Treść",
        "en": "Horizontal orientation: [Image][Image] + Content"
      },
      "layout": "row",
      "flex-justify": "start",
      "flex-align": "center",
      "items": [
        {
          "type": "svg",
          "align": "left",
          "src": "img_icon_small.svg"
        },
        {
          "type": "svg",
          "align": "left",
          "src": "img_icon_small.svg"
        },
        {
          "type": "text",
          "content": "TEXT...",
          "width": 80
        }
      ]
    },
    {
      "id": 4,
      "project": "Row: [IMG] + TXT + [IMG]",
      "draggable": "true",
      "badge": "",
      "name": {
        "pl": "Orientacja poziomo: [Ilustracja] + Treść + [Ilustracja]",
        "en": "Horizontal orientation: [Image] + Content + [Image]"
      },
      "layout": "row",
      "flex-justify": "between",
      "flex-align": "center",
      "items": [
        {
          "type": "svg",
          "align": "left",
          "src": "img_icon_small.svg"
        },
        {
          "type": "text",
          "content": "TEXT...",
          "width": 40
        },
        {
          "type": "svg",
          "align": "left",
          "src": "img_icon_small.svg"
        }
      ]
    },
    {
      "id": 5,
      "project": "Col left: [IMG] / TXT",
      "draggable": "false",
      "badge": "",
      "name": {
        "pl": "Orientacja pionowo (prawa): [Ilustracja] / Treść",
        "en": "Vertical orientation (right): [Image] / Content"
      },
      "layout": "column",
      "flex-justify": "start",
      "flex-align": "end",
      "items": [
        {
          "type": "svg",
          "align": "start",
          "src": "img_icon_normal.svg"
        },
        {
          "type": "text",
          "content": "TEXT...",
          "width": 100
        }
      ]
    },
    {
      "id": 6,
      "project": "Col center: [IMG] / TXT",
      "draggable": "true",
      "badge": "",
      "name": {
        "pl": "Orientacja pionowo (centrum): [Ilustracja] / Treść",
        "en": "Vertical orientation (centrum): [Image] / Content"
      },
      "layout": "column",
      "flex-justify": "center",
      "flex-align": "center",
      "items": [
        {
          "type": "svg",
          "align": "start",
          "src": "img_icon_small.svg"
        },
        {
          "type": "text",
          "content": "TEXT...",
          "width": 50
        }
      ]
    }
  ]